{"stats":{"minecraft:used":{"create:honey_bucket":8,"mcwlights:golden_low_candle_holder":2,"create:handheld_worldshaper":3,"minecraft:water_bucket":29,"minecraft:flint_and_steel":39,"minecraft:dispenser":1,"minecraft:polished_andesite":1,"minecraft:oak_planks":36,"mcwlights:oak_ceiling_fan_light":2,"mcwlights:red_ceiling_light":3,"minecraft:torch":1,"minecraft:dirt":74,"cfm:stripped_birch_blinds":6,"mcwlights:golden_small_chandelier":5,"mcwlights:iron_small_chandelier":11,"mcwlights:framed_torch":2,"create:framed_glass_pane":13,"minecraft:spruce_log":181,"minecraft:birch_door":2,"minecraft:lever":3,"minecraft:zombie_head":1,"minecraft:command_block":6,"minecraft:red_wool":226,"minecraft:grass_block":10,"minecraft:chicken":9,"mcwlights:golden_chandelier":1,"minecraft:spawner":13,"minecraft:chicken_spawn_egg":973,"mcwlights:red_lamp":2,"mcwlights:red_paper_lamp":6,"minecraft:smooth_quartz":30,"minecraft:totem_of_undying":1,"mcwlights:oak_tiki_torch":9,"mcwlights:golden_chain":1,"minecraft:bucket":40,"mcwlights:rustic_torch":1,"create:chocolate_bucket":10,"minecraft:egg":326,"minecraft:observer":9},"minecraft:killed_by":{"minecraft:skeleton":2,"minecraft:zombie":1},"minecraft:mined":{"minecraft:grass_block":10,"minecraft:fire":9},"minecraft:picked_up":{"minecraft:wooden_axe":2,"minecraft:netherite_boots":1,"minecraft:birch_door":1,"minecraft:feather":278,"minecraft:chicken":266,"minecraft:water_bucket":1,"minecraft:shield":1,"minecraft:gunpowder":2,"minecraft:netherite_leggings":1,"minecraft:dirt":24,"minecraft:string":1,"minecraft:flint_and_steel":1,"minecraft:bone":10,"minecraft:zombie_head":1,"minecraft:bucket":2,"create:framed_glass_pane":1,"minecraft:smooth_quartz":38,"minecraft:egg":284,"create:diving_helmet":1,"mcwlights:iron_small_chandelier":2,"minecraft:red_wool":1,"minecraft:porkchop":8,"create:diving_boots":1,"minecraft:chicken_spawn_egg":1,"minecraft:polished_andesite":4,"minecraft:arrow":6,"minecraft:command_block":1,"minecraft:rotten_flesh":5,"minecraft:netherite_helmet":1,"minecraft:totem_of_undying":1,"minecraft:netherite_chestplate":1,"cfm:stripped_birch_blinds":1,"minecraft:mutton":4,"minecraft:white_wool":2},"minecraft:dropped":{"minecraft:water_bucket":3,"mcwlights:red_paper_lamp":1,"minecraft:kelp":1,"minecraft:sweet_berries":1,"minecraft:porkchop":4,"minecraft:lever":1,"create:diving_helmet":1,"minecraft:chicken":145,"minecraft:feather":148,"minecraft:rotten_flesh":5,"mcwlights:iron_small_chandelier":1,"minecraft:golden_shovel":1,"minecraft:chicken_spawn_egg":1,"minecraft:pumpkin_seeds":1,"minecraft:carrot":1,"create:diving_boots":1,"minecraft:polished_andesite":3,"minecraft:potato":1,"minecraft:dirt":22,"minecraft:gunpowder":2,"minecraft:mutton":4,"minecraft:wooden_axe":1,"minecraft:beetroot_seeds":1,"minecraft:melon_seeds":1,"minecraft:smooth_quartz":35,"minecraft:bamboo":1,"minecraft:arrow":6,"minecraft:string":1,"minecraft:white_wool":1,"minecraft:bone":10,"minecraft:egg":48},"minecraft:killed":{"minecraft:creeper":1,"minecraft:skeleton":2,"minecraft:chicken":130},"minecraft:custom":{"minecraft:mob_kills":135,"minecraft:play_one_minute":103102,"minecraft:leave_game":3,"minecraft:time_since_death":23694,"minecraft:time_since_rest":23728,"minecraft:sprint_one_cm":175786,"minecraft:damage_taken":6320,"minecraft:walk_one_cm":187418,"minecraft:drop":73,"minecraft:damage_dealt":331,"minecraft:fly_one_cm":443850,"minecraft:open_chest":11,"minecraft:crouch_one_cm":1946,"minecraft:deaths":14,"minecraft:sneak_time":2205,"minecraft:walk_under_water_one_cm":1446,"minecraft:jump":622,"minecraft:walk_on_water_one_cm":19803,"minecraft:inspect_dispenser":1,"minecraft:fall_one_cm":31117,"minecraft:horse_one_cm":556}},"DataVersion":2586}