{"stats":{"minecraft:used":{"minecraft:birch_door":2,"create:handheld_worldshaper":3,"minecraft:lever":3,"minecraft:red_wool":139,"minecraft:flint_and_steel":39,"minecraft:command_block":5,"minecraft:zombie_head":1,"minecraft:polished_andesite":1,"mcwlights:golden_chandelier":1,"mcwlights:red_paper_lamp":5,"minecraft:smooth_quartz":30,"minecraft:torch":1,"minecraft:dirt":20,"cfm:stripped_birch_blinds":6,"mcwlights:golden_chain":1,"mcwlights:golden_small_chandelier":4,"minecraft:egg":49,"mcwlights:iron_small_chandelier":11,"create:framed_glass_pane":13},"minecraft:killed_by":{"minecraft:skeleton":1,"minecraft:zombie":1},"minecraft:mined":{"minecraft:fire":9,"minecraft:grass_block":10},"minecraft:picked_up":{"minecraft:wooden_axe":1,"minecraft:birch_door":1,"create:diving_helmet":1,"mcwlights:iron_small_chandelier":2,"minecraft:red_wool":1,"create:diving_boots":1,"minecraft:gunpowder":2,"minecraft:string":1,"minecraft:dirt":8,"minecraft:flint_and_steel":1,"minecraft:polished_andesite":1,"minecraft:zombie_head":1,"minecraft:bone":10,"minecraft:arrow":6,"minecraft:command_block":1,"minecraft:rotten_flesh":5,"minecraft:bucket":2,"create:framed_glass_pane":1,"minecraft:smooth_quartz":31,"cfm:stripped_birch_blinds":1,"minecraft:mutton":2,"minecraft:white_wool":1,"minecraft:egg":4},"minecraft:dropped":{"mcwlights:red_paper_lamp":1,"minecraft:dirt":5,"minecraft:potato":1,"minecraft:kelp":1,"minecraft:sweet_berries":1,"minecraft:gunpowder":2,"minecraft:lever":1,"create:diving_helmet":1,"minecraft:mutton":2,"minecraft:beetroot_seeds":1,"minecraft:melon_seeds":1,"minecraft:smooth_quartz":28,"minecraft:rotten_flesh":5,"minecraft:bamboo":1,"minecraft:arrow":6,"mcwlights:iron_small_chandelier":1,"minecraft:golden_shovel":1,"minecraft:string":1,"minecraft:carrot":1,"minecraft:pumpkin_seeds":1,"create:diving_boots":1,"minecraft:bone":10,"minecraft:egg":3},"minecraft:killed":{"minecraft:skeleton":2,"minecraft:creeper":1},"minecraft:custom":{"minecraft:time_since_rest":3421,"minecraft:sprint_one_cm":51389,"minecraft:damage_taken":1135,"minecraft:walk_one_cm":92936,"minecraft:mob_kills":4,"minecraft:drop":40,"minecraft:damage_dealt":130,"minecraft:fly_one_cm":166370,"minecraft:open_chest":11,"minecraft:play_one_minute":49102,"minecraft:crouch_one_cm":1818,"minecraft:sneak_time":915,"minecraft:deaths":4,"minecraft:walk_under_water_one_cm":1308,"minecraft:jump":285,"minecraft:leave_game":3,"minecraft:time_since_death":3318,"minecraft:walk_on_water_one_cm":778,"minecraft:fall_one_cm":335,"minecraft:horse_one_cm":556}},"DataVersion":2586}