{"stats":{"minecraft:used":{"mcwlights:golden_low_candle_holder":2,"create:handheld_worldshaper":3,"minecraft:water_bucket":3,"minecraft:flint_and_steel":39,"minecraft:polished_andesite":1,"mcwlights:oak_ceiling_fan_light":2,"mcwlights:red_ceiling_light":3,"minecraft:torch":1,"minecraft:dirt":21,"cfm:stripped_birch_blinds":6,"mcwlights:golden_small_chandelier":5,"mcwlights:iron_small_chandelier":11,"mcwlights:framed_torch":2,"create:framed_glass_pane":13,"minecraft:birch_door":2,"minecraft:lever":3,"minecraft:zombie_head":1,"minecraft:command_block":6,"minecraft:red_wool":139,"minecraft:grass_block":2,"mcwlights:golden_chandelier":1,"minecraft:spawner":13,"minecraft:chicken_spawn_egg":578,"mcwlights:red_lamp":2,"mcwlights:red_paper_lamp":6,"minecraft:smooth_quartz":30,"minecraft:totem_of_undying":1,"mcwlights:oak_tiki_torch":9,"mcwlights:golden_chain":1,"minecraft:bucket":1,"mcwlights:rustic_torch":1,"minecraft:egg":54},"minecraft:killed_by":{"minecraft:skeleton":2,"minecraft:zombie":1},"minecraft:mined":{"minecraft:grass_block":10,"minecraft:fire":9},"minecraft:picked_up":{"minecraft:wooden_axe":1,"minecraft:netherite_boots":1,"minecraft:birch_door":1,"minecraft:water_bucket":1,"minecraft:shield":1,"minecraft:gunpowder":2,"minecraft:netherite_leggings":1,"minecraft:dirt":24,"minecraft:string":1,"minecraft:flint_and_steel":1,"minecraft:bone":10,"minecraft:zombie_head":1,"minecraft:bucket":2,"create:framed_glass_pane":1,"minecraft:smooth_quartz":38,"minecraft:egg":9,"create:diving_helmet":1,"mcwlights:iron_small_chandelier":2,"minecraft:red_wool":1,"create:diving_boots":1,"minecraft:polished_andesite":4,"minecraft:arrow":6,"minecraft:command_block":1,"minecraft:rotten_flesh":5,"minecraft:netherite_helmet":1,"minecraft:totem_of_undying":1,"minecraft:netherite_chestplate":1,"cfm:stripped_birch_blinds":1,"minecraft:mutton":4,"minecraft:white_wool":2},"minecraft:dropped":{"mcwlights:red_paper_lamp":1,"minecraft:kelp":1,"minecraft:sweet_berries":1,"minecraft:lever":1,"create:diving_helmet":1,"minecraft:rotten_flesh":5,"mcwlights:iron_small_chandelier":1,"minecraft:golden_shovel":1,"minecraft:pumpkin_seeds":1,"minecraft:carrot":1,"create:diving_boots":1,"minecraft:polished_andesite":3,"minecraft:potato":1,"minecraft:dirt":21,"minecraft:gunpowder":2,"minecraft:mutton":4,"minecraft:beetroot_seeds":1,"minecraft:melon_seeds":1,"minecraft:smooth_quartz":35,"minecraft:bamboo":1,"minecraft:arrow":6,"minecraft:string":1,"minecraft:white_wool":1,"minecraft:bone":10,"minecraft:egg":5},"minecraft:killed":{"minecraft:creeper":1,"minecraft:skeleton":2},"minecraft:custom":{"minecraft:mob_kills":5,"minecraft:play_one_minute":67102,"minecraft:leave_game":3,"minecraft:time_since_death":4035,"minecraft:time_since_rest":4071,"minecraft:sprint_one_cm":112875,"minecraft:damage_taken":5950,"minecraft:walk_one_cm":121581,"minecraft:drop":48,"minecraft:damage_dealt":265,"minecraft:fly_one_cm":264966,"minecraft:open_chest":11,"minecraft:crouch_one_cm":1818,"minecraft:deaths":13,"minecraft:sneak_time":1039,"minecraft:walk_under_water_one_cm":1308,"minecraft:jump":341,"minecraft:walk_on_water_one_cm":3799,"minecraft:fall_one_cm":29946,"minecraft:horse_one_cm":556}},"DataVersion":2586}