{"stats":{"minecraft:used":{"minecraft:birch_door":2,"create:handheld_worldshaper":3,"minecraft:lever":3,"minecraft:flint_and_steel":17,"minecraft:command_block":5,"minecraft:red_wool":139,"minecraft:polished_andesite":1,"mcwlights:golden_chandelier":1,"mcwlights:red_paper_lamp":5,"minecraft:smooth_quartz":28,"minecraft:torch":1,"minecraft:dirt":18,"cfm:stripped_birch_blinds":6,"mcwlights:golden_chain":1,"mcwlights:golden_small_chandelier":4,"mcwlights:iron_small_chandelier":11,"minecraft:egg":48,"create:framed_glass_pane":13},"minecraft:picked_up":{"create:diving_helmet":1,"mcwlights:iron_small_chandelier":1,"create:diving_boots":1,"minecraft:dirt":5,"minecraft:rotten_flesh":1,"minecraft:bucket":1,"minecraft:egg":3},"minecraft:dropped":{"mcwlights:red_paper_lamp":1,"minecraft:dirt":4,"create:diving_helmet":1,"minecraft:rotten_flesh":1,"mcwlights:iron_small_chandelier":1,"minecraft:golden_shovel":1,"create:diving_boots":1,"minecraft:egg":3},"minecraft:custom":{"minecraft:time_since_rest":36259,"minecraft:sprint_one_cm":20520,"minecraft:damage_taken":250,"minecraft:walk_one_cm":63916,"minecraft:drop":13,"minecraft:damage_dealt":10,"minecraft:fly_one_cm":132482,"minecraft:open_chest":11,"minecraft:play_one_minute":37375,"minecraft:crouch_one_cm":36,"minecraft:deaths":1,"minecraft:sneak_time":359,"minecraft:walk_under_water_one_cm":1308,"minecraft:jump":209,"minecraft:leave_game":2,"minecraft:time_since_death":36210,"minecraft:walk_on_water_one_cm":778,"minecraft:horse_one_cm":556}},"DataVersion":2586}