{"stats":{"minecraft:used":{"create:handheld_worldshaper":3,"minecraft:torch":1,"minecraft:dirt":18,"minecraft:flint_and_steel":8,"mcwlights:golden_chain":1,"minecraft:red_wool":139,"mcwlights:golden_chandelier":1,"mcwlights:golden_small_chandelier":4,"minecraft:egg":48,"mcwlights:iron_small_chandelier":3,"minecraft:smooth_quartz":26},"minecraft:picked_up":{"create:diving_helmet":1,"minecraft:bucket":1,"create:diving_boots":1,"minecraft:dirt":5,"minecraft:egg":3},"minecraft:dropped":{"minecraft:dirt":4,"create:diving_helmet":1,"minecraft:egg":3,"create:diving_boots":1},"minecraft:custom":{"minecraft:time_since_rest":24259,"minecraft:open_chest":11,"minecraft:crouch_one_cm":31,"minecraft:play_one_minute":25375,"minecraft:sprint_one_cm":14478,"minecraft:damage_taken":250,"minecraft:deaths":1,"minecraft:walk_one_cm":39659,"minecraft:sneak_time":263,"minecraft:walk_under_water_one_cm":1308,"minecraft:drop":9,"minecraft:jump":169,"minecraft:leave_game":2,"minecraft:walk_on_water_one_cm":778,"minecraft:time_since_death":24210,"minecraft:fly_one_cm":100509,"minecraft:horse_one_cm":556}},"DataVersion":2586}