{"stats":{"minecraft:dropped":{"minecraft:oak_log":1,"minecraft:stone_sword":1,"minecraft:cobblestone":9,"minecraft:oak_planks":2,"minecraft:cobblestone_slab":10,"minecraft:oak_stairs":1,"minecraft:basalt":1,"minecraft:stone_pickaxe":2},"minecraft:picked_up":{"minecraft:crafting_table":3,"minecraft:brown_mushroom":1,"minecraft:wooden_pickaxe":2,"minecraft:oak_stairs":1,"minecraft:oak_log":6,"minecraft:gunpowder":8,"minecraft:dirt":136,"minecraft:netherite_scrap":128,"minecraft:bone":2,"minecraft:gold_nugget":2,"minecraft:bucket":1,"minecraft:stone_pickaxe":5,"minecraft:cobblestone_slab":37,"minecraft:chest":1,"minecraft:oak_planks":17,"minecraft:stick":4,"minecraft:porkchop":6,"minecraft:stone_sword":2,"minecraft:arrow":2,"minecraft:rotten_flesh":3,"minecraft:diamond":128,"minecraft:gold_ingot":128,"minecraft:oak_sapling":7,"minecraft:cobblestone":284,"minecraft:ender_pearl":4},"minecraft:custom":{"minecraft:interact_with_furnace":1,"minecraft:mob_kills":12,"minecraft:interact_with_crafting_table":24,"minecraft:play_one_minute":193422,"minecraft:leave_game":15,"minecraft:time_since_death":20131,"minecraft:time_since_rest":20152,"minecraft:sprint_one_cm":7056,"minecraft:walk_one_cm":201756,"minecraft:damage_taken":1350,"minecraft:drop":18,"minecraft:damage_dealt":4164,"minecraft:swim_one_cm":95,"minecraft:fly_one_cm":370306,"minecraft:open_chest":74,"minecraft:crouch_one_cm":11778,"minecraft:deaths":6,"minecraft:sneak_time":7947,"minecraft:walk_under_water_one_cm":10517,"minecraft:jump":248,"minecraft:walk_on_water_one_cm":4903},"minecraft:mined":{"minecraft:oak_sapling":4,"minecraft:red_bed":3,"minecraft:crafting_table":3,"minecraft:grass_block":36,"minecraft:chest":1,"minecraft:cobblestone":327,"minecraft:oak_planks":3,"minecraft:ice":1,"minecraft:oak_log":6,"minecraft:cobblestone_slab":36,"minecraft:dirt":45,"minecraft:oak_leaves":16},"minecraft:killed":{"minecraft:pig":2,"minecraft:zombified_piglin":2,"minecraft:creeper":3,"minecraft:skeleton":1,"minecraft:zombie":1,"minecraft:enderman":3},"minecraft:used":{"minecraft:oak_fence":39,"minecraft:nether_brick_fence":29,"minecraft:water_bucket":5,"minecraft:stone_sword":45,"minecraft:cow_spawn_egg":2,"minecraft:cobblestone_stairs":9,"minecraft:flint_and_steel":4,"minecraft:stone_pickaxe":361,"minecraft:oak_planks":15,"minecraft:blackstone":98,"minecraft:chest":7,"minecraft:wooden_pickaxe":7,"minecraft:stone":62,"minecraft:nether_wart":28,"minecraft:chiseled_nether_bricks":2,"minecraft:bell":1,"minecraft:cobblestone_slab":284,"minecraft:netherrack":20,"minecraft:soul_campfire":1,"minecraft:oak_door":2,"minecraft:oak_leaves":23,"minecraft:bee_spawn_egg":3,"minecraft:torch":12,"minecraft:soul_sand":70,"minecraft:dirt":353,"minecraft:lily_of_the_valley":2,"minecraft:tnt":2,"minecraft:crafting_table":5,"minecraft:red_bed":5,"minecraft:nether_bricks":190,"minecraft:allium":1,"minecraft:bee_nest":1,"minecraft:azure_bluet":1,"minecraft:nether_brick_stairs":10,"minecraft:oak_fence_gate":1,"minecraft:nether_gold_ore":20,"minecraft:obsidian":34,"minecraft:oak_log":31,"minecraft:lever":2,"minecraft:piston":5,"minecraft:netherite_block":2,"minecraft:ender_eye":12,"minecraft:cornflower":2,"minecraft:lava_bucket":2,"minecraft:oxeye_daisy":1,"minecraft:diamond_shovel":29,"minecraft:red_tulip":2,"minecraft:villager_spawn_egg":2,"minecraft:lantern":1,"minecraft:grass_block":160,"minecraft:oak_stairs":88,"minecraft:blue_orchid":1,"minecraft:spawner":2,"minecraft:pig_spawn_egg":2,"minecraft:cracked_nether_bricks":19,"minecraft:soul_lantern":1,"minecraft:blaze_spawn_egg":6,"minecraft:basalt":13,"minecraft:glowstone":47,"minecraft:diamond_sword":33,"minecraft:cobblestone":270,"minecraft:oak_sapling":18,"minecraft:furnace":1,"minecraft:piglin_spawn_egg":5,"minecraft:bucket":6,"minecraft:grass_path":1,"minecraft:glass_pane":4,"minecraft:ice":1,"minecraft:end_portal_frame":13,"minecraft:bone_meal":71,"minecraft:splash_potion":2},"minecraft:killed_by":{"minecraft:skeleton":1,"minecraft:witch":2},"minecraft:broken":{"minecraft:stone_pickaxe":2},"minecraft:crafted":{"minecraft:oak_planks":20,"minecraft:cobblestone_slab":264,"minecraft:crafting_table":1,"minecraft:wooden_pickaxe":1,"minecraft:furnace":1,"minecraft:stick":12,"minecraft:stone_pickaxe":3,"minecraft:stone_sword":3}},"DataVersion":2567}