{"stats":{"minecraft:picked_up":{"minecraft:oak_fence":8,"minecraft:torch":2,"minecraft:gunpowder":1,"minecraft:spider_eye":1,"minecraft:dirt":7,"minecraft:string":5,"minecraft:rotten_flesh":4,"minecraft:redstone_torch":2},"minecraft:used":{"minecraft:redstone_torch":12,"create:wand_of_symmetry":2,"minecraft:oak_fence":1,"create:handheld_worldshaper":23,"minecraft:netherite_sword":27,"minecraft:lava_bucket":3,"mcwlights:cyan_ceiling_light":2,"create:crushing_wheel":1,"minecraft:grass_block":11,"minecraft:oak_planks":227,"create:cuckoo_clock":2,"minecraft:stone":4,"mcwlights:soul_bamboo_tiki_torch":1,"minecraft:stone_bricks":1,"create:honeyed_apple":2,"minecraft:torch":2,"minecraft:cobblestone":5,"minecraft:dirt":2,"create:stockpile_switch":4,"minecraft:tnt":8,"minecraft:bucket":1,"cfm:dark_oak_chair":2,"minecraft:ice":1,"minecraft:spruce_log":278},"minecraft:mined":{"minecraft:ice":1,"minecraft:grass_block":4,"minecraft:dirt":3},"minecraft:killed":{"minecraft:zombie":1,"minecraft:spider":7,"minecraft:creeper":4},"minecraft:dropped":{"create:diving_helmet":1,"create:honeyed_apple":1,"minecraft:rotten_flesh":3,"minecraft:spider_eye":1,"minecraft:string":7,"create:diving_boots":1},"minecraft:custom":{"minecraft:time_since_rest":42324,"minecraft:sprint_one_cm":4336,"minecraft:walk_one_cm":41079,"minecraft:damage_taken":80,"minecraft:mob_kills":12,"minecraft:drop":14,"minecraft:damage_dealt":2250,"minecraft:fly_one_cm":210837,"minecraft:open_chest":6,"minecraft:crouch_one_cm":7164,"minecraft:play_one_minute":42324,"minecraft:bell_ring":1,"minecraft:sneak_time":3388,"minecraft:walk_under_water_one_cm":1026,"minecraft:jump":109,"minecraft:walk_on_water_one_cm":360,"minecraft:time_since_death":42324}},"DataVersion":2586}